session_duration,num_clicks,error_count,rapid_clicks,page_revisits,scroll_depth,idle_time,frustrated
112,21,1,4,3,43,15,0
445,42,0,4,0,37,272,0
280,13,1,4,0,37,159,0
116,49,4,7,0,33,249,0
81,41,6,8,0,73,223,1
30,17,2,8,4,74,255,0
131,9,5,5,3,35,179,0
476,41,2,5,8,84,19,0
224,1,4,8,2,35,111,0
340,2,2,3,6,93,119,0
468,48,5,5,7,50,193,1
97,29,3,3,5,81,110,0
382,33,1,10,0,56,209,0
109,10,5,0,7,14,0,0
140,40,0,6,2,92,57,0
318,21,4,9,7,78,92,1
353,28,3,10,3,45,220,1
501,11,0,5,7,99,210,0
423,34,0,8,0,81,231,0
395,8,4,6,2,7,261,1
201,22,3,6,5,63,102,0
286,8,6,1,8,56,49,0
170,49,0,10,1,38,109,0
469,15,0,8,0,53,87,0
323,17,3,9,2,32,19,0
31,23,2,8,3,87,13,0
262,24,0,5,4,91,132,0
570,45,1,2,2,100,295,0
484,19,3,0,1,17,33,0
68,5,0,3,1,73,207,0
520,32,4,2,6,71,300,0
485,44,5,0,8,65,198,0
199,1,1,2,1,64,79,0
572,23,5,3,6,75,70,0
576,37,5,7,6,28,154,1
253,8,0,8,6,67,77,0
514,13,1,2,2,90,77,0
140,8,1,5,6,65,171,0
494,23,2,9,0,27,288,0
30,43,5,10,0,34,32,1
176,1,1,4,4,64,299,0
283,45,2,5,1,22,275,0
397,24,3,3,8,100,6,0
325,35,2,9,6,60,159,1
23,24,4,5,3,57,239,0
251,17,6,6,3,11,23,1
355,5,0,8,1,73,213,0
574,20,3,9,4,96,69,1
349,21,6,6,3,76,215,1
101,40,6,5,0,83,103,0
376,31,3,0,7,56,214,0
464,46,4,1,2,8,53,0
437,36,2,0,5,38,293,0
518,11,0,8,3,73,202,0
44,15,2,9,8,37,287,1
215,19,1,9,6,73,44,0
90,7,2,8,8,42,197,1
571,28,3,6,2,30,215,0
397,43,0,1,0,5,183,0
11,5,2,5,4,8,26,0
399,5,0,10,2,43,165,0
575,30,0,3,5,58,273,0
115,32,1,0,7,94,102,0
486,8,1,0,3,37,103,0
411,10,3,4,4,37,244,0
565,38,4,1,4,76,168,0
171,47,6,3,3,24,115,0
211,32,0,0,3,20,140,0
279,48,4,3,3,25,124,0
280,28,6,10,3,49,24,1
465,17,6,5,3,94,193,1
471,31,3,9,4,91,99,1
261,8,6,3,1,86,4,0
305,40,6,0,1,66,18,0
347,25,0,6,8,35,169,0
62,9,0,1,1,46,273,0
226,2,5,8,5,16,253,1
197,15,4,2,1,69,120,0
389,3,2,7,4,77,31,0
502,49,1,7,3,7,148,0
50,36,2,2,6,94,265,0
166,4,4,3,6,13,36,0
24,14,1,1,5,55,176,0
74,41,2,3,4,20,12,0
530,41,5,10,0,92,182,1
353,25,1,10,2,82,144,0
138,10,0,10,8,7,264,1
481,21,2,8,0,28,87,0
72,36,1,1,4,77,45,0
148,12,5,2,1,17,118,0
508,27,6,10,3,6,18,1
401,40,1,10,0,75,219,0
428,2,1,3,2,25,232,0
298,13,5,4,6,23,93,0
388,32,6,0,2,93,250,0
499,31,2,6,3,51,249,0
240,16,3,9,1,26,281,0
50,32,2,6,2,79,231,0
37,32,6,8,8,37,45,1
144,34,4,3,2,36,45,0
210,11,5,5,4,68,13,0
42,10,2,10,1,89,84,0
57,15,1,1,3,43,2,0
512,17,5,3,6,88,27,0
416,40,0,1,6,76,156,0
583,18,6,9,2,46,174,1
108,9,2,4,4,13,113,0
556,25,5,6,0,29,249,0
471,40,2,0,0,93,58,0
14,14,5,9,4,6,202,1
227,25,1,9,8,23,238,1
512,22,0,6,0,24,233,0
407,30,0,9,0,97,94,0
402,20,4,5,3,74,140,0
216,21,5,5,3,21,112,0
24,44,2,7,1,93,108,0
563,32,0,7,8,72,288,0
470,46,6,5,8,98,96,1
584,49,0,2,1,88,15,0
250,21,3,4,8,7,43,0
573,35,3,1,5,91,229,0
105,32,0,4,7,55,107,0
494,30,5,8,3,86,216,1
416,39,4,9,1,30,259,1
240,49,0,0,1,60,195,0
180,12,1,9,8,68,94,1
550,41,2,4,0,12,55,0
45,47,4,5,6,85,31,0
534,18,1,10,2,99,230,0
169,21,4,6,2,41,8,0
252,13,1,8,1,31,190,0
95,21,2,5,5,49,199,0
587,8,2,4,1,8,160,0
566,46,3,6,3,90,86,0
583,40,5,0,8,94,20,0
37,46,1,10,8,100,75,1
565,7,3,4,5,92,140,0
349,23,1,1,3,41,125,0
340,44,3,3,6,100,250,0
515,32,2,6,0,75,83,0
357,11,4,4,3,37,47,0
482,22,6,5,4,35,77,1
240,22,3,1,7,59,29,0
199,43,1,2,1,16,284,0
234,25,1,6,4,15,135,0
394,22,6,10,5,92,139,1
386,28,5,1,4,76,40,0
292,29,2,5,8,36,281,0
268,13,1,4,0,61,49,0
368,18,0,9,2,42,257,0
465,2,4,0,1,64,269,0
420,29,3,10,2,90,133,1
327,21,5,9,8,23,233,1
234,15,6,10,8,88,127,1
243,27,4,3,1,60,103,0
383,31,2,10,2,18,253,1
481,15,5,1,3,37,94,0
242,23,3,3,8,14,216,0
122,24,3,0,2,84,60,0
506,44,6,1,6,68,267,1
451,13,0,7,2,68,240,0
573,22,6,5,6,66,12,1
277,43,2,1,6,72,146,0
519,37,5,5,8,95,239,1
395,33,5,9,1,96,88,1
396,3,1,8,5,47,94,0
122,19,0,6,8,84,292,0
90,23,0,8,1,63,24,0
122,29,5,4,1,56,271,0
11,30,5,6,4,23,165,1
229,39,4,10,7,25,249,1
575,44,4,6,8,26,86,1
234,47,4,2,1,13,141,0
394,25,0,6,4,13,133,0
412,37,1,0,6,77,278,0
139,47,3,8,5,31,125,1
62,8,4,9,5,21,140,1
425,42,1,5,6,48,102,0
256,16,6,4,2,49,225,0
448,8,2,6,2,12,62,0
212,1,4,4,8,84,293,1
193,44,6,9,7,22,253,1
132,5,3,4,4,37,179,0
410,3,2,10,5,5,39,1
303,1,2,9,0,80,263,0
289,4,3,10,0,10,188,1
207,40,4,6,3,45,7,0
520,35,0,9,1,59,103,0
153,32,3,6,6,9,224,1
210,42,3,10,1,63,33,0
133,34,3,2,1,84,235,0
196,43,2,2,4,22,227,0
335,25,1,9,3,53,187,0
473,10,6,2,7,86,21,1
358,21,0,5,3,69,39,0
412,46,4,5,5,87,172,1
355,39,4,2,4,58,178,0
520,27,6,2,1,65,85,0
156,27,1,7,7,12,132,0
157,2,3,7,1,7,12,0
498,41,0,6,8,29,27,0
560,48,4,9,8,73,83,1
347,13,6,3,2,59,279,0
482,9,5,3,3,44,262,0
160,36,6,2,7,87,165,1
424,22,4,4,8,86,292,1
307,42,3,2,2,54,67,0
272,26,5,7,4,99,225,1
153,12,1,6,7,37,169,0
355,17,0,2,2,22,85,0
581,14,1,8,6,61,132,0
11,14,1,4,7,20,177,0
313,34,6,8,2,84,251,1
263,20,0,6,1,42,14,0
462,11,0,6,6,45,222,0
46,16,4,5,8,11,200,1
169,31,4,1,0,82,106,0
18,6,0,8,2,57,249,0
242,19,5,5,4,67,88,0
108,37,2,7,2,93,124,0
217,4,4,0,0,36,112,0
140,47,2,4,6,42,136,0
413,4,6,0,6,26,246,0
161,20,5,9,7,20,165,1
63,10,0,10,4,56,149,0
129,24,5,7,4,33,67,1
596,35,4,7,4,20,220,1
429,26,1,0,0,80,270,0
431,37,6,8,4,21,19,1
113,38,0,1,5,68,288,0
263,21,3,8,0,95,99,0
236,40,6,0,6,93,251,0
121,39,2,9,0,17,76,0
519,21,5,8,1,76,134,1
482,10,0,3,1,60,172,0
108,38,6,8,4,9,200,1
162,46,5,6,6,16,216,1
347,4,0,10,0,45,207,0
172,45,4,5,0,7,73,0
170,20,6,4,0,37,10,0
589,17,4,10,5,90,286,1
407,7,6,8,1,54,255,1
286,4,4,1,0,60,11,0
513,29,5,10,5,13,77,1
401,14,3,1,1,86,171,0
144,3,6,10,5,54,95,1
204,24,6,8,7,33,272,1
410,37,4,2,1,43,178,0
42,16,0,7,8,95,63,0
469,4,6,10,7,49,131,1
479,24,4,8,0,21,271,0
384,34,1,7,6,60,108,0
31,30,4,3,5,50,272,0
47,18,5,0,5,71,167,0
239,19,3,3,5,73,179,0
374,31,1,8,5,18,57,0
572,19,5,1,6,71,78,0
447,49,5,2,2,27,60,0
292,46,5,9,5,98,120,1
36,19,0,7,2,65,206,0
235,22,5,5,6,27,33,1
286,24,0,7,6,31,69,0
293,45,5,6,7,58,16,1
490,12,2,4,1,14,19,0
462,30,1,8,8,93,68,0
525,38,2,3,4,81,214,0
556,31,5,5,8,20,160,1
201,36,1,1,4,45,101,0
58,19,1,1,6,59,205,0
521,48,6,1,8,65,144,1
26,45,3,9,3,90,56,0
181,36,2,6,1,85,82,0
229,30,3,1,8,91,268,0
167,49,1,1,1,53,186,0
486,33,0,8,2,77,5,0
55,18,1,6,1,56,109,0
382,49,3,10,2,6,137,1
527,28,2,2,5,100,50,0
108,47,5,2,2,54,50,0
46,11,6,6,7,90,86,1
289,45,6,4,5,47,67,1
358,33,6,9,6,81,83,1
506,17,5,5,0,12,41,0
311,6,6,7,2,63,218,1
190,4,2,8,2,69,56,0
108,20,5,0,1,85,225,0
125,48,6,2,6,16,195,1
200,47,5,10,8,8,247,1
262,27,3,6,3,81,165,0
170,15,2,5,4,99,61,0
265,6,4,6,2,45,262,0
332,47,0,7,8,11,111,0
137,14,6,5,3,91,252,1
27,11,0,2,4,92,198,0
575,39,5,1,0,73,177,0
579,9,0,6,1,73,25,0
332,26,2,10,8,85,245,1
297,16,2,0,1,34,18,0
164,5,1,2,4,77,264,0
499,10,6,10,7,10,19,1
395,3,1,3,2,93,105,0
113,13,0,0,5,23,236,0
402,43,4,4,3,84,245,0
255,49,1,9,6,89,80,0
185,30,1,2,2,70,149,0
48,45,2,1,5,14,9,0
486,6,4,2,8,20,223,0
547,17,5,7,0,41,263,1
417,45,0,5,2,83,148,0
534,19,1,6,1,81,277,0
515,42,4,5,7,81,273,1
45,35,6,5,6,36,193,1
29,46,4,2,1,51,171,0
330,26,0,7,5,76,264,0
521,5,4,6,2,47,25,0
409,29,4,6,7,86,25,1
480,37,4,5,2,40,33,0
152,20,6,4,8,30,263,1
101,49,1,9,0,14,137,0
363,21,0,7,4,35,182,0
60,10,6,4,2,33,241,0
584,5,4,8,5,9,53,1
199,36,4,8,1,81,167,0
134,6,1,0,8,5,118,0
159,26,0,5,5,91,142,0
323,4,2,6,6,7,80,0
579,39,6,2,4,71,244,1
351,39,1,6,8,75,61,0
314,35,0,10,0,39,45,0
63,1,6,10,4,19,86,1
453,24,4,6,5,71,98,1
273,36,0,10,6,97,294,1
62,6,0,1,3,34,52,0
581,41,5,6,0,86,191,0
14,46,0,0,7,79,79,0
112,44,2,4,3,47,15,0
205,31,0,8,2,64,193,0
359,20,2,6,6,44,140,0
56,24,4,6,1,69,107,0
278,25,2,10,7,33,264,1
379,36,6,1,5,78,289,0
115,21,4,7,6,96,208,1
129,30,4,2,4,99,164,0
67,24,2,7,8,23,151,1
355,44,1,2,4,7,289,0
483,42,3,9,4,40,267,1
126,30,0,6,2,47,150,0
136,22,5,1,0,19,206,0
402,28,3,3,1,45,254,0
67,7,0,10,7,94,140,0
522,35,0,5,0,84,95,0
105,28,4,10,6,40,226,1
127,14,0,8,4,88,192,0
569,10,5,4,2,81,117,0
497,16,0,8,6,37,4,0
246,16,2,4,8,9,242,0
281,31,3,9,1,82,20,0
198,42,2,7,7,95,151,1
456,25,5,0,8,91,127,0
590,13,0,6,2,18,123,0
256,6,6,3,1,72,145,0
85,44,5,4,6,87,276,1
163,9,4,5,4,51,151,0
444,45,2,4,4,58,110,0
95,36,2,0,4,8,115,0
294,43,1,8,3,98,187,0
229,20,0,1,4,87,56,0
78,18,4,8,3,99,250,1
56,43,6,9,5,99,149,1
103,21,2,1,3,13,161,0
462,4,2,8,1,57,119,0
213,33,4,5,8,81,69,1
227,27,5,10,1,82,98,1
483,7,5,8,8,64,166,1
441,6,0,5,5,50,297,0
350,15,1,5,8,58,150,0
560,18,2,10,8,78,1,1
298,32,1,1,2,99,151,0
263,11,5,7,0,41,64,0
366,20,5,2,0,27,68,0
32,24,3,6,2,31,120,0
531,15,6,4,4,74,108,1
109,48,0,2,2,94,246,0
189,7,3,0,8,70,92,0
232,21,6,7,8,65,267,1
451,42,3,2,2,81,102,0
334,26,3,1,2,55,111,0
525,44,0,0,4,54,61,0
25,14,0,3,1,23,299,0
345,37,4,7,5,5,135,1
267,21,1,2,6,44,54,0
506,18,1,0,8,36,107,0
169,5,4,3,5,26,257,0
484,3,4,8,2,97,252,1
389,23,5,0,4,70,221,0
554,26,6,10,3,44,166,1
436,37,3,1,4,42,159,0
277,24,4,8,7,52,165,1
586,49,2,1,7,59,204,0
426,19,1,2,5,79,266,0
177,25,4,6,0,85,137,0
52,21,2,2,7,59,247,0
565,12,2,8,7,55,54,1
294,41,2,5,1,64,208,0
406,33,5,2,3,12,16,0
21,4,5,8,1,90,67,1
311,42,2,0,3,72,132,0
262,7,6,9,6,79,187,1
508,22,5,2,8,76,137,1
44,33,3,0,7,13,173,0
99,17,2,1,8,94,96,0
427,24,3,7,7,6,170,1
124,34,3,6,1,84,153,0
205,28,2,1,6,99,182,0
510,43,1,1,1,74,241,0
502,41,6,8,1,89,284,1
84,39,2,5,3,94,26,0
422,22,2,4,0,63,59,0
385,49,5,9,4,23,201,1
429,17,2,5,5,32,249,0
286,34,1,8,8,76,68,0
403,6,5,10,7,18,20,1
466,46,0,6,1,28,151,0
201,6,0,9,0,48,101,0
108,34,3,9,1,60,94,0
557,1,6,8,6,94,228,1
105,10,3,3,3,99,124,0
199,21,1,1,4,55,257,0
46,5,4,7,6,36,235,1
378,2,6,3,2,54,161,0
534,22,0,8,1,45,41,0
288,48,3,3,6,70,275,0
226,2,0,7,4,29,67,0
282,10,1,8,0,65,172,0
71,34,1,8,0,70,124,0
351,16,4,9,8,46,169,1
406,48,4,3,4,69,46,0
28,39,5,0,0,40,260,0
186,22,6,2,6,80,216,1
405,12,1,8,8,13,123,1
454,24,3,3,0,40,292,0
242,47,0,4,3,96,161,0
85,40,2,6,2,42,200,0
274,38,4,4,4,37,274,0
464,10,2,3,6,46,205,0
393,35,3,1,7,65,39,0
573,49,4,1,1,50,272,0
515,32,2,3,6,90,187,0
376,7,6,9,0,93,92,1
153,21,3,9,6,65,41,1
78,20,0,8,7,22,106,0
108,26,6,7,1,74,64,1
405,4,3,2,8,86,134,0
34,46,5,8,0,84,23,0
478,22,4,4,5,19,27,0
493,15,1,10,0,52,61,0
574,40,0,2,2,76,272,0
160,21,6,4,5,17,228,1
153,15,6,9,2,47,19,1
578,22,2,3,7,64,2,0
48,28,4,7,4,61,217,1
118,14,1,4,1,75,135,0
51,27,3,9,3,21,2,0
195,41,1,7,8,54,192,0
407,40,4,8,3,36,72,1
232,28,4,3,7,26,117,0
142,26,5,6,4,59,153,1
172,49,5,1,0,61,208,0
224,2,1,5,6,17,33,0
244,25,3,7,2,51,136,0
597,3,1,6,7,91,119,0
18,8,4,6,2,66,114,0
83,44,4,7,0,58,12,0
501,33,2,6,4,33,68,0
262,42,5,4,1,26,256,0
239,35,2,6,3,69,88,0
528,6,0,9,0,33,46,0
183,39,4,2,8,52,259,0
177,23,2,4,5,9,227,0
179,25,1,6,7,39,179,0
402,43,5,8,3,78,9,1
203,19,5,1,8,87,283,1
526,5,3,3,1,75,125,0
38,11,1,6,8,50,133,0
174,12,3,0,4,39,154,0
431,10,2,1,5,49,247,0
348,8,6,8,2,17,139,1
505,24,0,9,3,14,175,0
374,28,1,6,5,70,173,0
351,41,1,9,6,74,73,0
509,36,1,6,0,76,142,0
520,37,3,5,6,29,291,1
336,21,2,2,0,48,111,0
226,8,1,9,4,64,205,0
310,9,6,2,5,51,130,0
141,47,1,1,1,44,109,0
79,15,5,10,8,11,66,1
261,48,0,5,5,50,85,0
424,46,5,3,6,27,274,1
454,40,5,4,7,87,226,1
191,18,0,2,0,50,9,0
176,42,6,5,7,90,287,1
100,20,2,10,3,17,111,0
540,6,5,2,7,25,23,0
48,12,2,7,5,5,290,0
135,2,5,8,8,23,167,1
460,7,4,3,3,64,108,0
182,16,0,8,1,37,189,0
229,3,5,6,1,8,195,1
67,45,4,2,4,7,32,0
485,3,3,6,8,95,204,1
465,27,4,0,2,56,181,0
370,43,1,2,7,32,146,0
10,40,5,5,3,74,267,1
396,38,4,3,5,74,10,0
357,33,2,6,5,59,69,0
199,28,3,2,2,61,255,0
514,1,6,0,4,91,218,0
200,8,5,8,2,20,296,1
517,37,1,5,0,28,258,0
378,32,6,7,6,73,2,1
418,48,4,2,3,45,83,0
126,43,6,7,6,81,155,1
143,37,6,1,2,51,150,0
67,4,3,3,4,80,175,0
565,30,6,2,4,73,194,1
182,6,6,9,1,35,106,1
158,46,5,0,1,96,133,0
89,19,3,6,3,96,275,0
222,32,1,10,3,34,154,0
212,9,4,9,3,22,276,1
238,12,3,1,5,48,235,0
236,11,3,3,1,31,239,0
541,46,0,8,5,30,12,0
450,16,3,5,6,64,34,0
411,1,0,7,2,22,46,0
56,45,4,1,7,93,213,0
242,21,6,6,1,60,145,1
314,30,5,5,7,35,158,1
535,13,5,8,4,63,124,1
152,34,4,6,1,6,109,0
424,4,4,0,6,43,36,0
522,28,2,7,1,65,276,0
382,38,6,10,5,67,13,1
575,31,4,9,2,100,231,1
268,27,3,2,8,22,123,0
480,5,5,1,2,21,278,0
21,25,1,2,2,43,110,0
339,3,5,10,4,75,123,1
367,33,0,5,6,58,29,0
417,4,5,2,7,98,114,0
382,25,2,9,6,80,89,1
17,20,6,4,8,39,211,1
131,34,4,5,4,15,37,0
357,26,6,7,2,65,82,1
99,5,4,6,5,48,26,0
325,35,5,10,4,72,216,1
187,28,1,7,3,29,214,0
549,29,1,2,1,52,220,0
50,9,2,3,6,36,14,0
511,38,0,5,4,88,258,0
154,6,5,10,3,99,265,1
210,19,4,6,7,8,119,1
470,44,5,8,8,42,127,1
567,11,2,0,8,67,210,0
556,2,3,7,2,51,10,0
262,47,3,7,2,5,175,0
399,44,2,5,4,7,132,0
265,44,4,3,4,90,13,0
459,9,6,2,1,66,49,0
19,21,2,10,0,68,71,0
251,24,4,2,7,21,68,0
260,34,1,5,2,82,15,0
14,22,2,7,0,66,55,0
128,3,4,6,0,39,104,0
383,12,2,10,1,17,131,0
74,28,2,0,5,39,47,0
155,30,6,10,5,47,247,1
233,26,6,5,2,6,272,1
248,48,4,6,3,60,110,0
186,21,4,6,1,81,37,0
291,28,0,8,1,55,239,0
72,26,2,10,6,58,120,1
226,33,3,10,0,20,47,0
470,21,2,9,6,22,9,1
114,35,2,4,0,11,232,0
108,34,4,0,5,49,35,0
520,41,2,1,2,40,3,0
394,47,5,3,7,45,43,0
414,18,2,4,5,98,55,0
527,11,5,8,1,46,41,1
485,23,6,10,7,11,254,1
446,48,3,0,4,19,227,0
32,22,4,2,7,64,113,0
574,17,2,4,7,44,236,0
467,5,5,2,5,87,173,0
92,44,5,3,1,41,254,0
154,11,6,2,7,70,276,1
94,30,5,3,5,59,68,0
87,15,1,0,5,81,229,0
466,27,0,7,7,99,66,0
10,35,3,3,0,84,35,0
60,33,6,6,1,60,158,1
455,20,6,1,8,48,148,1
458,16,2,1,7,61,26,0
497,34,1,5,6,10,71,0
43,2,2,1,6,96,247,0
357,35,2,5,4,36,100,0
104,40,4,10,1,78,189,1
81,28,4,1,5,22,95,0
560,47,4,3,2,72,281,0
163,39,1,6,3,77,277,0
259,6,2,7,1,11,16,0
447,9,0,2,1,12,262,0
127,20,3,8,7,68,106,1
315,1,4,1,7,11,67,0
277,8,4,7,5,45,127,1
63,23,6,7,4,44,292,1
245,3,2,3,7,7,293,0
398,4,2,0,3,21,95,0
410,25,1,0,3,70,0,0
312,47,1,1,4,83,297,0
216,38,4,8,0,97,179,0
238,15,2,1,0,56,180,0
587,21,0,1,1,26,234,0
84,35,3,5,7,8,7,0
444,46,2,6,6,10,26,0
112,14,6,6,8,42,145,1
431,36,2,8,4,30,90,0
315,12,5,5,1,15,271,0
107,17,1,7,6,94,4,0
344,39,6,10,7,21,81,1
444,9,3,5,6,92,218,0
456,35,4,1,6,96,117,0
317,13,6,0,4,35,80,0
258,15,2,4,1,81,69,0
175,18,4,8,5,39,114,1
490,33,2,7,3,20,262,0
344,6,4,3,1,83,141,0
551,27,3,4,8,22,206,1
115,23,1,4,6,66,110,0
572,27,3,5,5,31,111,0
90,34,5,2,4,39,42,0
142,46,0,4,2,49,284,0
147,38,1,1,3,39,127,0
193,14,3,9,2,32,184,0
410,36,5,0,7,13,228,0
339,8,0,10,2,80,220,0
517,35,5,0,6,19,116,0
78,19,2,9,6,25,69,0
555,30,2,6,6,56,69,0
62,14,4,1,6,39,109,0
459,20,1,3,1,55,131,0
214,49,2,4,2,87,55,0
135,25,6,6,8,59,88,1
52,40,5,1,2,91,136,0
120,24,1,5,1,81,130,0
192,14,6,0,8,48,217,1
104,26,2,6,8,69,175,0
383,38,4,8,3,97,170,1
529,23,3,4,8,92,99,0
369,22,4,4,2,84,128,0
290,48,6,3,6,29,56,0
204,19,0,2,6,91,180,0
204,46,2,8,7,96,245,1
102,3,6,4,3,51,143,0
70,42,0,7,2,84,50,0
60,19,0,8,2,60,217,0
412,9,5,4,4,42,103,0
14,28,1,9,0,15,54,0
475,20,5,8,2,71,256,1
543,45,2,1,5,19,155,0
414,7,0,8,2,5,52,0
522,14,6,10,4,11,186,1
242,9,3,3,8,5,149,0
533,19,0,5,1,53,263,0
355,47,6,5,1,100,249,1
55,14,3,5,5,77,297,0
555,38,5,1,5,33,210,0
87,36,5,6,7,30,24,1
82,40,1,5,1,91,293,0
258,17,6,10,8,49,151,1
56,30,0,0,1,97,23,0
130,9,4,1,0,75,251,0
223,33,5,6,1,16,59,0
248,25,5,0,6,99,65,0
65,14,1,0,7,36,52,0
359,11,3,0,4,24,105,0
116,35,1,7,5,55,95,0
57,41,0,3,0,85,175,0
582,14,6,3,5,40,38,0
346,30,2,1,7,71,167,0
35,41,2,10,2,5,41,0
266,4,6,10,0,31,103,1
17,4,3,10,3,44,203,1
262,28,5,0,0,88,7,0
312,8,3,9,7,18,281,1
65,2,5,8,4,73,42,1
535,41,5,6,0,91,109,0
483,46,2,3,7,83,209,0
37,22,3,5,8,10,236,1
87,41,1,1,1,37,48,0
225,16,5,6,8,59,114,1
395,29,4,1,7,23,154,0
374,49,4,9,6,81,136,1
535,48,1,7,2,33,166,0
321,30,4,7,1,65,198,0
16,12,0,0,6,74,70,0
12,35,5,7,4,83,6,1
372,11,1,1,5,84,199,0
517,46,3,5,3,28,66,0
283,21,5,0,1,27,137,0
515,21,1,4,8,14,241,0
24,5,2,10,2,58,212,1
201,48,3,6,6,45,180,0
494,20,2,9,7,53,253,1
37,37,5,0,1,21,100,0
48,3,3,1,5,60,86,0
282,44,4,6,7,49,184,1
240,33,1,5,6,34,90,0
95,9,5,2,2,48,247,0
483,9,0,9,0,78,213,0
135,4,3,1,5,59,248,0
546,35,3,9,7,23,125,1
154,17,6,3,5,33,3,0
534,34,5,2,4,6,87,0
221,24,5,6,7,40,150,1
34,32,2,7,1,23,175,0
589,1,6,1,0,11,210,0
403,8,4,9,0,30,258,1
76,45,2,6,3,83,90,0
242,23,6,7,5,42,258,1
118,47,2,5,8,7,190,0
155,40,4,5,0,84,80,0
120,12,6,9,0,70,137,1
237,12,6,0,4,99,125,0
120,46,0,3,4,96,229,0
479,47,2,0,4,75,19,0
43,15,2,3,5,98,48,0
378,41,3,1,7,47,134,0
563,19,4,10,2,66,28,1
434,26,1,4,8,75,47,0
527,29,0,9,0,97,268,0
291,22,6,8,3,28,2,1
329,40,6,10,8,43,257,1
452,21,6,9,7,72,15,1
324,38,0,2,8,97,93,0
386,20,6,7,0,48,133,1
298,29,6,2,8,9,300,1
446,4,4,5,2,59,132,0
286,7,5,3,8,97,31,1
591,28,5,7,0,34,268,1
512,28,3,10,0,33,24,0
525,4,3,5,8,30,58,0
359,22,6,7,5,87,212,1
455,12,4,0,3,30,155,0
359,45,6,5,6,41,275,1
146,3,3,0,4,95,209,0
252,22,0,0,6,98,56,0
552,44,0,7,7,57,184,0
49,2,1,6,7,34,53,0
238,24,5,2,0,7,208,0
557,34,4,5,7,47,292,1
232,27,2,8,5,11,251,1
15,41,5,6,3,53,111,0
331,1,2,2,7,77,5,0
477,8,1,5,2,45,190,0
84,23,1,10,3,81,278,0
13,38,6,3,5,83,12,0
127,6,3,2,6,58,43,0
513,22,1,8,3,73,104,0
583,25,1,9,3,97,159,0
450,18,2,1,6,95,153,0
203,17,3,0,5,31,241,0
401,12,1,1,7,12,180,0
35,6,5,6,0,36,13,0
444,26,1,9,6,88,179,1
182,27,3,0,6,68,291,0
309,8,6,5,6,14,263,1
335,19,4,6,6,17,167,1
419,42,3,8,7,67,213,1
127,1,2,7,8,97,149,1
234,29,4,5,8,39,15,1
541,45,5,2,1,65,90,0
122,49,0,7,6,58,119,0
149,35,3,6,6,12,252,1
568,40,6,2,3,33,59,0
10,14,2,8,8,99,265,1
99,35,5,1,7,45,30,0
329,48,4,2,0,34,20,0
559,45,5,1,1,90,218,0
148,20,3,0,1,25,80,0
520,49,1,3,7,80,288,0
268,13,6,4,0,15,30,0
19,38,3,5,3,6,233,0
270,49,0,4,4,54,35,0
181,46,3,0,8,45,131,0
22,49,4,2,6,70,131,0
177,8,4,0,7,7,8,0
330,43,3,10,8,84,29,1
328,20,4,4,6,55,114,0
338,33,1,4,4,72,300,0
559,26,5,10,4,91,3,1
428,39,3,5,5,88,236,0
104,21,6,7,4,29,22,1
590,49,1,9,8,34,15,1
327,42,5,0,2,86,21,0
245,43,6,3,2,15,71,0
343,41,6,9,6,97,229,1
385,9,6,10,6,21,106,1
468,24,5,0,5,30,207,0
146,37,1,8,2,27,207,0
597,49,6,10,6,60,262,1
556,41,6,6,4,56,50,1
522,17,2,6,6,52,64,0
305,24,3,4,1,24,264,0
329,21,5,6,5,6,300,1
581,39,5,1,7,92,174,0
358,41,4,3,0,35,151,0
238,39,5,6,3,31,265,1
279,13,1,2,0,6,162,0
300,11,5,1,0,82,237,0
174,46,2,9,7,8,198,1
14,19,3,1,6,17,15,0
388,11,3,0,0,39,295,0
87,13,5,4,1,76,275,0
419,46,6,5,3,70,238,1
583,45,0,5,0,10,68,0
141,1,0,8,2,35,300,0
51,40,6,3,7,14,5,1
98,44,6,0,7,25,219,0
411,19,6,5,7,78,253,1
305,12,1,4,5,27,294,0
304,8,0,9,5,7,106,0
535,8,6,5,4,36,294,1
431,45,1,2,8,24,117,0
32,12,4,1,3,78,167,0
584,48,1,5,6,33,250,0
152,33,0,0,0,56,81,0
154,45,5,6,8,50,53,1
234,26,4,6,6,38,239,1
512,39,0,9,8,88,11,0
113,28,1,6,6,65,208,0
48,5,2,10,1,76,164,0
207,8,3,9,5,75,293,1
588,25,0,0,3,74,6,0
400,27,6,3,2,15,77,0
188,46,1,6,1,86,64,0
563,23,6,10,5,97,101,1
457,30,6,8,7,93,299,1
509,45,6,4,5,67,286,1
24,47,6,1,8,25,170,1
298,23,6,6,4,7,76,1
487,49,4,9,1,86,47,0
240,47,0,0,7,92,254,0
429,20,0,6,8,14,81,0
166,18,3,5,3,31,208,0
559,18,1,6,5,16,208,0
450,2,2,9,7,11,83,1
106,4,4,2,8,21,9,0
420,30,1,2,4,69,28,0
298,33,4,6,5,68,115,0
263,36,0,1,3,30,268,0
205,18,6,0,4,19,46,0
531,37,3,8,6,37,90,1
526,19,3,8,8,66,52,1
127,47,5,6,5,51,217,1
168,28,2,6,5,99,76,0
237,40,3,2,7,39,203,0
225,20,6,9,3,69,43,1
24,49,0,1,2,76,155,0
166,33,2,10,6,80,1,1
270,12,1,6,4,87,56,0
166,15,6,8,1,29,289,1
56,41,6,0,1,61,57,0
333,39,3,3,5,36,253,0
139,2,2,5,7,67,179,0
420,29,0,6,0,16,156,0
104,41,5,9,5,67,34,1
301,10,4,6,1,81,74,0
292,2,4,9,1,96,288,1
78,11,0,1,6,5,74,0
20,13,0,3,0,55,77,0
263,10,4,4,5,74,254,0
559,14,5,0,6,12,264,0
143,18,2,0,7,72,66,0
32,9,4,9,6,9,220,1
355,39,0,2,5,93,163,0
311,28,3,9,8,90,219,1
372,3,1,2,2,96,171,0
405,20,5,7,5,43,253,1
227,6,6,8,3,27,209,1
150,27,5,10,1,72,187,1
219,2,3,0,0,56,190,0
469,29,3,10,0,8,214,1
365,38,6,1,2,51,85,0
333,3,0,9,3,25,105,0
142,16,4,1,1,60,295,0
136,30,2,3,0,70,18,0
115,40,5,1,3,63,46,0
387,2,6,6,6,11,64,1
60,17,5,8,5,53,145,1
38,41,3,6,5,20,285,0
471,12,4,5,8,21,65,1
305,35,5,9,1,88,4,1
306,43,2,0,3,91,92,0
416,1,3,10,4,79,93,1
414,45,2,9,0,38,105,0
355,15,4,8,7,37,132,1
429,26,5,4,7,30,78,1
191,37,1,10,5,70,211,1
10,21,5,4,4,67,7,0
576,49,4,5,7,91,158,1
380,31,5,8,2,45,267,1
440,25,6,7,2,90,148,1
318,23,5,7,1,62,90,0
146,24,0,7,4,83,235,0
211,38,5,0,2,14,288,0
445,28,5,0,2,19,167,0
322,21,2,7,5,46,192,0
126,43,1,4,7,97,186,0
584,18,2,8,1,61,270,0
253,36,2,1,3,91,113,0
546,35,3,8,6,21,10,1
84,45,0,7,0,64,54,0
395,9,2,8,0,13,257,0
219,38,6,3,6,40,64,0
484,30,4,0,6,77,171,0
427,44,6,0,0,84,271,0
356,34,4,4,0,40,149,0
538,32,5,1,3,52,145,0
188,3,3,7,4,55,208,0
191,3,0,9,4,99,285,0
34,28,6,10,3,74,9,1
189,44,0,4,7,78,226,0
510,15,6,4,6,84,185,1
170,41,5,1,8,72,61,0
186,23,4,6,6,26,84,0
294,40,1,7,0,81,133,0
72,11,3,9,6,84,296,1
165,48,6,0,0,97,170,0
478,32,6,1,6,10,212,1
58,36,5,9,7,30,17,1
93,33,3,3,8,79,59,0
370,24,4,4,2,92,87,0
157,39,4,1,3,97,26,0
351,34,6,0,3,7,67,0
485,28,1,8,8,56,277,1
72,37,1,0,6,78,39,0
369,7,0,3,2,64,108,0
570,4,3,1,4,67,73,0
336,37,3,10,6,69,65,1
150,1,4,3,7,56,167,0
224,1,0,7,0,94,261,0
444,47,5,7,1,80,273,1
327,20,3,10,6,18,236,1
41,19,0,8,1,93,214,0
294,29,0,10,6,76,285,1
314,10,6,4,8,72,148,1
438,18,4,6,1,32,106,0
486,28,0,2,6,75,140,0
295,35,1,9,3,14,75,0
153,43,1,3,1,61,8,0
433,47,2,9,6,70,195,1
28,31,4,8,4,94,294,1
27,27,6,9,0,54,279,1
599,11,5,9,4,18,117,1
380,49,2,0,2,20,289,0
184,49,1,1,6,58,60,0
203,38,6,4,5,47,50,1
511,5,2,2,7,46,51,0
122,8,4,1,4,85,121,0
123,34,6,0,1,26,166,0
231,48,4,9,8,72,7,1
273,12,0,2,7,23,44,0
64,38,3,0,5,70,244,0
467,1,0,0,6,43,283,0
171,31,4,0,8,77,106,0
389,4,6,7,6,23,26,1
96,49,1,2,2,20,192,0
64,45,5,10,5,58,61,1
485,5,1,0,6,29,61,0
187,30,6,6,1,22,281,1
400,24,0,9,2,27,120,0
358,3,5,2,3,89,279,0
17,11,6,7,5,15,38,1
322,45,4,3,0,43,276,0
452,4,1,3,8,72,93,0
337,26,4,4,4,29,114,0
63,27,5,5,6,67,175,1
248,46,5,6,8,100,120,1
238,43,1,3,8,34,12,0
588,27,4,7,0,49,162,0
60,42,2,5,0,94,274,0
273,6,4,0,2,65,175,0
427,15,5,0,5,55,172,0
105,30,4,8,1,13,274,1
97,42,6,9,0,80,63,1
87,37,0,5,0,6,100,0
297,37,2,9,4,9,65,0
129,42,3,7,3,66,44,0
500,37,6,6,0,73,86,0
461,35,0,5,3,56,66,0
509,23,3,3,2,90,258,0
174,6,1,6,1,9,204,0
191,4,3,8,8,63,177,1
478,18,6,10,0,72,279,1
16,9,4,9,6,13,16,1
339,49,6,9,3,97,295,1
160,29,3,6,4,26,201,0
94,13,5,0,4,31,171,0
156,47,0,9,0,14,261,0
390,17,0,8,5,84,193,0
557,45,3,3,8,65,148,0
294,32,0,2,1,55,34,0
91,48,5,3,6,14,28,0
523,22,6,3,5,10,262,1
532,4,0,9,4,66,220,0
395,5,3,10,3,9,52,1
480,37,2,1,3,74,278,0
128,41,2,0,5,67,75,0
405,49,1,9,3,60,175,0
541,13,0,0,4,63,9,0
270,34,6,7,5,67,116,1
265,45,3,1,4,93,279,0
235,22,0,9,6,63,217,0
62,23,4,4,8,55,174,1
509,3,5,3,6,54,233,1
515,42,0,7,6,8,251,0
373,34,0,1,3,52,294,0
289,32,2,9,0,36,5,0
167,45,5,8,7,55,20,1
68,49,3,6,3,56,72,0
137,21,0,6,0,78,35,0
124,46,2,0,4,38,232,0
218,44,1,1,7,40,215,0
535,21,5,3,3,74,205,0
530,44,2,3,7,47,43,0
561,11,2,10,7,20,90,1
246,39,6,2,2,63,92,0
290,4,2,6,8,57,82,0
368,1,6,7,2,23,281,1
210,28,0,1,0,93,20,0
287,24,0,3,1,99,227,0
244,35,1,2,5,45,129,0
503,13,4,1,1,85,174,0
13,47,4,5,5,51,107,0
451,34,4,3,0,98,282,0
38,11,6,5,0,58,70,0
118,36,5,1,4,59,49,0
84,17,5,3,8,99,94,1
155,35,1,10,7,23,278,1
137,18,5,5,2,66,131,0
51,40,4,4,2,97,275,0
365,22,4,2,0,63,12,0
50,24,2,7,2,69,2,0
43,19,5,6,0,72,223,0
26,37,0,2,7,32,174,0
162,39,0,5,0,22,89,0
387,21,2,3,4,30,240,0
597,8,2,10,8,23,34,1
351,28,2,4,6,59,13,0
36,5,0,10,3,61,194,0
296,17,4,4,8,10,212,1
177,37,2,6,8,5,2,0
277,36,1,10,1,12,178,0
464,19,6,4,5,55,39,1
410,27,2,10,3,89,163,1
485,34,6,2,7,92,234,1
567,11,3,9,6,29,256,1
585,45,2,4,6,51,115,0
139,47,0,6,8,59,51,0
372,12,5,4,4,68,141,0
301,21,2,4,5,87,85,0
380,11,5,8,0,97,45,0
38,39,3,2,5,14,237,0
158,28,1,5,1,60,9,0
305,5,5,0,5,16,151,0
20,17,6,9,8,37,60,1
521,20,4,4,7,75,17,0
122,41,2,7,8,21,85,0
196,46,3,4,7,65,136,0
236,12,3,8,2,14,229,1
319,6,5,10,7,35,127,1
107,17,1,5,5,64,103,0
64,19,0,7,5,74,185,0
415,26,2,9,5,21,177,1
78,48,3,7,2,54,5,0
321,44,1,2,0,41,35,0
298,44,4,6,3,86,280,1
557,32,3,6,5,66,299,1
157,6,1,9,1,94,13,0
476,36,0,5,6,84,236,0
253,38,0,6,6,76,284,0
500,11,3,1,3,92,49,0
516,33,6,8,3,81,260,1
374,24,3,9,0,33,109,0
491,23,5,9,1,36,196,1
210,15,2,0,8,92,251,0
163,27,1,0,7,84,87,0
459,11,3,2,7,15,25,0
510,17,2,2,8,100,261,0
82,14,5,0,6,10,143,0
305,27,2,6,8,39,59,0
26,18,3,3,1,37,267,0
226,28,0,9,5,22,74,0
70,47,1,1,2,41,2,0
51,47,1,9,5,17,62,0
34,4,0,4,2,78,235,0
48,7,6,5,7,94,228,1
140,45,3,8,3,85,274,1
507,35,1,3,5,68,17,0
238,48,3,1,8,5,79,0
117,9,5,4,1,67,214,0
181,8,3,2,1,93,170,0
444,45,2,1,6,38,254,0
487,17,0,0,1,14,125,0
111,17,6,9,1,88,254,1
533,49,3,1,3,11,71,0
284,33,6,5,8,60,37,1
53,32,6,7,7,84,203,1
26,8,5,2,1,41,171,0
339,19,4,10,7,33,222,1
578,38,0,8,3,16,216,0
506,3,6,8,1,21,244,1
21,5,1,1,6,52,190,0
327,13,2,7,5,88,297,0
225,47,1,9,4,30,181,0
348,46,5,10,0,87,204,1
90,31,5,4,1,16,198,0
494,16,1,3,7,25,164,0
383,32,0,9,0,46,241,0
209,22,1,4,2,65,129,0
546,29,3,3,1,62,226,0
475,22,1,7,4,58,121,0
98,43,2,3,3,38,43,0
277,3,2,9,6,11,195,1
580,10,4,5,4,39,203,0
498,42,2,1,7,19,256,0
547,21,1,4,3,69,16,0
56,16,2,5,5,94,271,0
297,12,0,4,3,29,8,0
25,2,6,1,1,63,248,0
410,41,2,6,0,83,200,0
95,24,3,3,0,90,58,0
259,35,0,7,7,10,139,0
400,30,4,6,3,56,118,0
344,30,3,6,4,83,40,0
528,47,1,8,7,92,266,1
146,35,6,0,6,25,7,0
507,19,1,9,7,75,182,1
486,8,6,5,7,97,133,1
232,26,6,5,5,100,180,1
381,49,1,5,1,36,71,0
411,40,3,5,5,57,112,0
452,7,3,9,0,63,106,0
499,30,6,6,0,73,289,1
282,7,3,9,2,66,116,0
535,3,6,5,2,8,119,1
168,1,6,0,4,90,146,0
161,36,0,2,0,22,209,0
197,25,5,1,5,85,295,0
107,37,0,5,6,60,102,0
140,1,1,7,2,28,123,0
180,15,5,2,3,70,244,0
192,37,2,9,2,17,208,0
373,13,1,7,0,66,108,0
48,40,4,7,7,58,49,1
536,8,0,4,1,19,104,0
506,5,3,7,0,73,26,0
525,9,0,5,7,7,287,0
358,1,3,4,6,41,256,0
406,36,5,8,6,41,272,1
170,35,4,6,3,7,136,0
25,2,5,7,8,67,300,1
502,40,4,0,5,39,31,0
435,23,0,10,1,56,44,0
117,9,3,1,0,91,264,0
459,34,5,7,0,32,29,0
320,46,4,8,8,98,83,1
179,14,6,3,3,22,165,0
555,4,1,9,4,40,0,0
423,30,1,10,2,37,248,0
260,31,5,9,3,68,260,1
150,38,3,8,7,30,62,1
283,11,6,3,3,52,163,0
425,35,5,9,8,44,200,1
48,8,0,9,8,21,221,0
38,3,4,9,5,44,151,1
486,14,0,8,1,11,131,0
327,13,1,10,6,61,113,1
254,45,4,6,8,12,216,1
281,32,5,1,5,60,195,0
449,34,0,8,2,35,280,0
248,45,2,3,6,63,201,0
386,19,3,7,4,62,134,0
275,38,6,6,0,16,233,1
368,16,6,6,2,52,140,1
349,2,3,7,4,35,195,0
398,40,2,0,6,87,42,0
586,17,1,4,2,67,56,0
12,34,4,1,5,78,141,0
438,42,3,1,4,43,209,0
151,16,2,0,0,80,71,0
385,38,5,4,5,24,223,1
333,2,6,1,7,52,26,0
155,2,2,3,0,75,127,0
302,26,1,2,1,58,105,0
441,13,1,2,3,82,164,0
594,47,0,1,1,79,214,0
408,31,3,5,8,75,70,0
353,34,0,1,7,33,203,0
149,39,6,7,7,78,152,1
196,3,2,7,3,97,66,0
70,8,4,4,4,77,89,0
389,23,4,9,3,52,259,1
449,14,1,6,8,78,227,0
328,27,4,3,1,87,78,0
311,29,4,0,7,60,95,0
353,39,6,10,1,99,245,1
20,39,4,1,0,21,271,0
71,1,2,9,2,13,156,0
235,17,4,9,8,38,115,1
162,41,5,3,2,49,17,0
573,30,4,0,8,92,171,0
580,13,4,7,6,13,15,1
593,21,0,8,0,11,239,0
584,19,2,3,4,20,55,0
319,19,1,9,8,23,78,1
252,25,0,2,2,10,102,0
502,22,3,1,8,15,283,0
375,31,2,4,4,80,192,0
339,17,5,2,8,65,4,0
116,23,2,9,5,46,105,0
235,32,3,6,8,17,277,1
227,10,3,10,6,16,99,1
515,10,3,5,6,89,237,1
268,36,6,0,7,78,268,0
526,8,1,7,6,24,85,0
63,20,4,1,8,54,31,0
56,32,2,4,8,40,50,0
530,14,6,8,5,96,78,1
108,28,4,7,6,92,185,1
29,46,4,1,1,73,173,0
582,24,5,8,8,41,105,1
499,15,3,4,0,16,62,0
428,22,1,9,0,44,75,0
71,30,5,5,2,58,80,0
154,4,0,2,5,6,127,0
225,13,6,2,4,54,182,0
12,23,6,9,1,45,242,1
169,8,1,7,8,49,184,0
129,18,4,10,3,13,219,1
98,12,6,9,3,66,70,1
338,31,1,9,4,90,153,0
589,14,6,1,7,51,244,1
366,34,6,10,3,9,139,1
276,18,3,1,4,80,70,0
332,34,0,4,3,5,45,0
550,11,3,5,5,48,46,0
204,41,0,1,2,26,78,0
341,12,6,4,7,42,148,1
179,49,5,6,5,23,129,1
530,15,4,9,4,84,126,1
472,31,6,9,1,35,118,1
49,49,0,7,6,71,261,0
546,29,0,6,1,91,243,0
270,26,0,7,0,46,102,0
404,18,6,8,6,86,36,1
235,32,1,4,4,30,141,0
133,22,5,4,0,17,36,0
47,38,1,10,3,62,7,0
337,17,4,9,3,22,230,1
260,23,6,3,6,71,295,1
185,24,0,8,8,91,106,0
463,8,5,4,1,7,17,0
46,41,5,1,0,59,82,0
325,6,2,9,1,93,287,0
123,5,4,7,6,95,193,1
49,44,5,6,5,62,214,1
310,29,6,7,3,67,280,1
233,28,0,2,0,95,219,0
327,11,0,3,0,56,288,0
358,1,5,4,4,93,193,1
124,43,1,5,0,28,157,0
332,19,4,0,6,76,103,0
577,9,0,3,0,13,33,0
49,27,5,10,0,41,101,1
49,34,0,9,1,98,126,0
298,44,5,4,2,87,213,0
271,4,4,6,0,57,295,0
225,36,5,4,8,84,178,1
156,18,2,0,7,28,79,0
345,15,5,10,4,25,140,1
177,13,5,6,1,44,30,0
101,19,6,7,4,66,62,1
362,49,4,6,5,74,47,0
580,6,6,10,0,73,86,1
580,48,5,3,3,18,60,0
372,12,4,7,8,46,273,1
566,37,2,4,1,54,283,0
354,17,4,9,4,65,79,1
179,23,0,8,0,8,179,0
365,26,6,9,3,76,271,1
200,29,4,4,3,92,76,0
431,33,2,0,5,79,220,0
16,27,3,8,8,21,281,1
142,25,5,4,2,89,27,0
566,10,4,5,8,61,76,1
40,47,5,3,5,94,163,0
544,23,1,5,6,52,8,0
435,21,0,7,1,48,174,0
403,21,6,2,5,49,75,0
372,43,0,4,5,95,244,0
446,13,1,1,1,84,121,0
560,37,1,1,1,94,184,0
91,33,6,6,1,37,31,0
365,24,4,9,0,35,249,1
267,44,1,9,4,51,56,0
598,11,3,10,7,10,143,1
533,17,5,9,1,76,83,1
304,4,5,5,4,75,55,0
233,47,2,3,7,38,278,0
534,25,1,4,4,57,272,0
55,30,1,0,1,18,165,0
122,9,3,6,2,20,157,0
242,21,0,7,5,47,248,0
26,20,0,8,4,77,185,0
369,19,5,7,3,78,77,1
232,19,5,4,3,85,21,0
457,12,4,2,4,16,107,0
374,37,6,9,1,74,272,1
335,42,3,10,8,23,251,1
476,17,6,8,1,45,14,1
423,37,6,5,1,57,159,1
464,48,2,4,8,33,204,0
595,39,6,2,2,74,112,0
242,28,2,5,6,63,167,0
233,41,6,2,3,93,252,0
421,35,3,9,5,68,185,1
581,47,2,5,3,28,226,0
344,48,0,3,6,93,15,0
231,18,2,1,0,20,155,0
46,14,2,7,2,56,110,0
287,35,3,3,2,84,0,0
205,44,3,8,0,10,40,0
493,41,2,6,5,41,47,0
251,7,1,1,8,89,107,0
333,41,3,3,7,8,160,0
201,13,4,4,6,96,160,0
26,18,4,2,7,42,127,0
533,37,0,8,5,45,209,0
410,13,6,4,8,96,150,1
31,36,2,1,2,85,254,0
483,31,1,10,8,18,217,1
129,2,0,2,3,75,29,0
219,16,2,8,6,90,44,0
315,9,3,6,8,55,79,1
279,9,4,1,1,69,38,0
294,38,5,8,1,97,239,1
236,11,1,3,8,56,44,0
390,22,5,8,2,99,77,1
469,33,4,1,8,34,287,0
16,36,6,9,4,61,279,1
38,45,6,3,5,83,115,0
42,23,5,4,1,86,268,0
88,45,3,1,7,34,52,0
468,45,2,9,8,46,67,1
579,34,3,0,1,15,181,0
547,9,5,6,5,31,33,1
491,24,3,9,5,28,283,1
439,8,4,0,7,43,248,0
294,7,1,10,4,76,110,0
525,36,3,10,8,22,93,1
108,18,4,7,0,81,178,0
406,3,1,2,8,49,46,0
498,28,6,9,6,92,281,1
48,6,2,5,3,91,91,0
280,44,5,6,2,16,211,1
166,44,6,9,5,53,74,1
84,21,2,0,0,98,201,0
139,28,6,5,2,35,296,1
93,40,0,6,1,96,210,0
31,1,6,5,8,26,133,1
468,36,4,3,2,48,65,0
548,21,1,0,1,96,279,0
391,43,6,10,3,68,27,1
449,35,3,8,1,81,116,0
30,13,2,3,0,29,113,0
312,49,6,6,5,55,74,1
93,10,1,6,7,11,201,0
462,44,4,1,1,10,58,0
396,47,0,0,8,28,14,0
516,10,2,7,2,23,230,0
266,46,5,7,7,87,104,1
579,13,1,6,7,13,164,0
536,37,5,7,2,40,198,1
171,38,1,2,2,44,34,0
172,24,1,10,5,97,161,1
533,2,4,1,0,28,244,0
280,22,4,6,3,52,286,0
501,17,4,7,0,67,18,0
217,36,6,0,2,73,279,0
548,14,3,9,8,57,181,1
593,10,1,8,4,58,146,0
69,35,2,10,4,46,175,1
439,25,5,3,3,49,162,0
318,3,4,3,2,94,174,0
529,47,6,2,4,18,46,0
36,38,4,5,3,33,255,0
571,17,5,0,7,10,173,0
208,12,5,5,3,11,102,0
396,24,1,1,7,41,120,0
358,29,4,8,5,57,144,1
545,43,5,1,4,22,41,0
387,25,3,6,3,91,28,0
567,36,3,0,3,42,272,0
536,26,4,6,3,63,13,0
162,38,6,4,8,5,188,1
215,1,5,7,3,72,294,1
464,20,1,3,8,48,182,0
282,28,1,9,5,51,35,0
245,16,6,6,6,39,36,1
530,47,1,5,2,91,13,0
510,17,0,4,7,95,122,0
126,40,4,3,2,64,82,0
395,28,1,6,0,94,158,0
353,12,3,4,4,56,101,0
593,27,5,4,1,12,82,0
404,42,2,0,5,84,43,0
73,47,6,1,8,45,67,0
81,30,2,4,0,7,47,0
283,41,1,2,3,100,56,0
329,34,2,1,0,73,74,0
347,37,2,3,0,88,21,0
375,6,0,3,7,18,131,0
504,7,3,3,1,100,266,0
175,32,6,3,0,30,286,0
553,32,3,2,7,74,119,0
20,25,0,6,3,62,245,0
310,33,0,8,2,44,55,0
111,7,2,4,3,55,37,0
434,12,4,3,4,9,244,0
401,16,5,10,0,81,20,1
223,16,5,1,0,36,109,0
97,43,2,1,2,84,93,0
562,36,5,4,5,5,135,1
410,13,0,6,0,81,230,0
597,7,3,9,1,58,7,0
55,36,5,9,6,15,289,1
472,47,6,8,0,57,250,1
319,9,2,6,6,12,86,0
95,32,4,4,3,29,203,0
101,11,2,9,5,44,218,1
251,8,1,9,7,36,240,1
11,33,2,9,8,92,257,1
234,23,0,5,5,32,108,0
598,25,3,10,8,82,255,1
125,8,3,2,3,7,281,0
112,45,6,4,5,95,219,1
203,22,5,7,7,88,82,1
175,4,0,0,8,83,106,0
99,40,1,0,2,66,68,0
131,3,0,6,1,31,96,0
152,29,2,4,5,49,211,0
115,41,0,4,3,96,285,0
437,29,0,0,0,29,236,0
314,34,6,8,7,65,7,1
326,34,1,0,8,48,293,0
18,28,2,4,8,50,188,0
82,13,4,9,1,18,80,0
368,15,6,8,8,12,107,1
232,23,4,3,6,52,66,0
425,44,6,7,4,18,173,1
562,26,3,5,6,69,42,0
379,4,6,10,8,84,186,1
273,26,5,2,7,86,199,1
327,40,0,3,5,11,38,0
93,9,3,1,3,83,219,0
327,5,1,0,0,92,3,0
120,32,4,7,5,53,120,1
260,20,6,0,2,59,76,0
392,11,0,10,5,17,178,1
16,15,1,0,5,77,132,0
468,32,5,3,3,60,228,0
93,28,1,9,1,60,275,0
217,22,0,9,8,19,151,1
399,41,5,5,1,61,163,0
323,17,1,8,2,62,289,0
31,26,5,0,0,39,108,0
419,44,6,6,6,92,125,1
524,7,6,9,0,20,239,1
136,42,0,10,8,12,145,1
23,26,0,4,0,97,251,0
21,25,5,7,4,91,182,1
96,10,2,6,6,49,71,0
533,45,3,3,2,99,218,0
546,19,1,3,8,44,206,0
310,11,1,5,7,58,172,0
252,13,2,5,2,18,140,0
131,8,2,8,4,63,271,0
156,40,2,4,6,98,213,0
576,4,4,7,3,57,268,1
365,47,4,4,4,31,19,0
318,31,5,1,2,51,65,0
297,28,4,5,8,84,146,1
316,11,6,8,8,10,164,1
558,43,6,2,6,59,5,0
361,1,0,0,1,48,13,0
321,49,5,0,6,22,131,0
68,47,1,2,6,20,242,0
44,38,3,9,4,16,230,1
454,24,0,4,8,24,227,0
102,47,1,2,2,49,161,0
216,31,1,8,3,68,282,0
362,41,5,7,0,63,262,1
341,46,2,2,5,97,130,0
168,26,2,8,3,98,224,0
33,49,0,5,0,94,257,0
413,5,2,6,1,26,233,0
525,20,1,3,2,51,23,0
373,41,2,3,8,33,270,0
391,11,4,1,7,90,94,0
541,33,2,4,6,49,141,0
161,38,1,7,3,81,181,0
571,27,5,6,0,13,205,1
429,34,0,6,7,28,80,0
259,15,3,5,3,19,273,0
126,32,2,2,2,40,275,0
521,21,6,4,8,17,207,1
587,46,6,0,3,95,295,0
344,5,1,6,3,48,38,0
427,6,3,8,8,75,287,1
304,38,3,0,1,76,123,0
380,22,4,1,4,82,282,0
195,18,3,2,3,80,179,0
255,14,6,2,8,40,96,1
277,10,5,7,4,65,190,1
246,46,1,6,8,85,73,0
539,13,1,5,8,44,272,0
561,31,2,9,1,97,48,0
30,30,2,9,8,31,209,1
529,3,2,10,2,5,115,0
109,30,6,3,3,38,22,0
487,6,6,8,0,72,97,1
307,29,6,0,0,92,189,0
535,8,6,10,0,25,181,1
343,44,6,1,8,37,147,1
11,45,6,3,7,11,22,1
384,43,5,2,4,69,104,0
302,44,6,0,4,7,162,0
562,33,3,4,8,55,66,0
327,17,3,6,2,83,289,0
511,48,4,1,2,99,288,0
390,11,5,4,6,58,45,0
23,13,2,5,8,84,80,0
513,11,0,10,5,78,146,0
240,31,6,6,1,97,221,1
93,28,4,0,0,63,14,0
139,44,0,6,1,10,120,0
154,6,3,3,0,33,77,0
37,41,4,7,8,21,294,1
75,16,4,3,7,64,240,0
172,4,1,5,6,26,17,0
238,35,3,8,2,28,255,0
270,48,3,4,7,85,276,0
458,26,5,3,1,89,26,0
433,12,4,7,1,55,1,0
469,11,6,8,2,54,294,1
310,37,3,3,6,15,238,0
312,25,4,2,0,60,12,0
296,18,5,7,7,75,183,1
404,19,6,4,6,46,193,1
19,23,5,1,3,43,55,0
279,38,1,9,4,73,229,0
370,18,6,8,0,52,27,1
266,26,4,2,3,61,70,0
142,6,3,1,0,25,209,0
285,4,3,0,0,86,183,0
522,44,4,7,0,24,40,0
322,29,4,10,6,19,259,1
585,34,4,2,6,73,83,0
293,17,2,6,3,81,45,0
130,43,6,0,1,55,158,0
116,43,3,0,2,80,6,0
213,16,6,8,7,66,135,1
174,2,5,7,7,89,182,1
314,34,3,2,5,41,196,0
506,8,2,5,8,10,171,1
565,13,4,10,8,75,275,1
165,42,1,2,3,30,77,0
376,8,4,3,0,12,177,0
260,30,4,0,0,77,26,0
343,32,2,4,4,95,119,0
520,36,6,0,1,8,280,0
302,47,3,0,5,25,195,0
29,30,4,9,6,35,276,1
291,1,3,10,0,25,17,0
10,43,0,10,5,29,294,0
128,39,5,6,7,19,270,1
44,17,6,5,4,39,52,0
207,20,3,1,6,53,293,0
494,24,1,10,5,47,51,0
68,22,5,1,3,45,215,0
170,29,1,10,6,41,71,0
215,22,4,6,8,61,27,1
21,44,5,0,6,46,251,0
499,9,3,1,4,51,34,0
285,37,5,7,6,96,200,1
251,10,4,5,2,65,248,0
225,36,2,1,1,18,98,0
260,37,6,6,4,72,139,1
135,28,1,3,3,57,82,0
226,28,4,1,4,88,47,0
315,42,2,5,7,38,277,0
194,43,5,10,3,80,247,1
48,21,5,8,8,28,176,1
232,24,4,10,6,24,51,1
193,42,3,8,6,73,78,1
504,40,5,7,7,34,63,1
436,2,3,2,5,92,7,0
187,8,3,2,7,11,213,0
437,48,6,1,2,40,24,0
303,27,3,4,0,42,255,0
160,22,0,3,5,84,242,0
393,37,6,6,0,56,197,1
317,27,2,3,8,19,93,0
345,29,2,8,1,50,206,0
384,3,5,1,1,27,14,0
17,44,5,10,6,16,177,1
350,13,3,5,1,97,74,0
138,45,6,6,7,48,103,1
361,10,6,3,5,19,293,1
367,36,0,5,6,97,167,0
526,9,3,6,6,53,114,0
504,27,0,3,5,25,38,0
95,34,3,7,8,19,272,1
184,1,1,8,8,18,134,1
202,32,1,0,6,46,231,0
320,25,4,6,8,84,38,1
128,29,3,8,2,19,290,1
227,7,6,9,2,67,46,1
436,49,5,4,0,72,35,0
423,3,2,1,4,31,94,0
123,20,4,9,3,91,12,1
154,20,5,5,1,97,145,0
547,30,1,6,8,57,64,0
312,35,3,1,2,56,227,0
597,35,4,1,7,67,241,0
354,49,3,9,5,77,7,1
10,39,1,9,4,57,42,0
156,27,4,0,0,61,243,0
296,26,1,3,3,56,180,0
62,14,0,6,2,47,84,0
313,17,1,8,0,11,154,0
78,18,6,2,4,46,274,0
370,45,6,10,5,8,22,1
229,29,3,6,1,73,114,0
584,20,2,6,2,9,298,0
594,27,1,6,5,79,98,0
170,18,5,1,3,96,103,0
98,4,6,5,8,84,50,1
594,1,2,1,4,45,111,0
598,1,0,5,3,98,243,0
168,26,4,9,1,8,168,1
498,45,4,2,5,6,71,0
333,20,6,1,1,71,138,0
390,23,2,5,6,25,230,0
111,10,6,1,2,74,238,0
503,11,4,4,8,47,252,1
28,41,1,1,4,86,48,0
463,41,2,2,7,73,71,0
491,5,3,2,5,13,262,0
406,1,1,5,7,88,221,0
288,17,1,5,2,32,76,0
374,22,1,9,2,30,61,0
340,34,3,2,4,86,156,0
353,45,0,2,2,87,293,0
464,41,5,0,7,7,124,0
74,29,6,6,7,77,228,1
85,4,4,7,1,99,160,0
152,5,6,1,3,53,28,0
482,11,2,3,0,21,113,0
426,21,0,9,3,67,78,0
314,35,2,6,3,59,22,0
506,12,6,7,8,27,105,1
300,26,4,0,2,38,130,0
111,19,3,3,1,73,172,0
276,45,6,5,8,19,263,1
12,7,1,2,8,51,284,0
94,47,6,4,0,7,1,0
337,7,1,9,5,87,232,1
459,26,3,8,7,32,250,1
463,40,6,10,2,7,107,1
230,5,0,2,8,8,275,0
163,21,0,4,1,92,179,0
21,14,2,7,5,35,212,0
142,4,3,5,0,49,292,0
313,23,0,3,6,63,71,0
302,42,6,7,2,49,282,1
309,20,3,10,6,79,174,1
52,15,4,2,3,41,122,0
352,45,1,2,8,69,226,0
335,29,6,3,4,13,300,1
507,8,1,8,2,21,82,0
373,41,1,4,7,69,252,0
436,48,3,7,5,7,145,1
30,19,3,5,1,30,119,0
416,48,2,2,2,57,64,0
345,39,1,7,7,35,280,0
126,46,2,8,6,30,282,1
133,28,1,7,5,27,105,0
408,46,2,3,0,34,299,0
60,27,2,10,8,14,106,1
333,4,4,5,2,76,35,0
150,15,2,0,4,93,146,0
479,35,3,3,6,68,261,0
343,37,2,7,6,26,158,0
382,1,1,0,2,19,264,0
573,3,2,2,3,60,201,0
503,47,0,0,6,78,154,0
548,24,5,8,7,24,12,1
165,27,1,1,1,51,296,0
300,40,0,8,8,91,84,0
153,36,1,3,6,57,279,0
115,34,3,1,7,57,244,0
429,29,5,3,5,5,299,1
11,24,5,10,5,6,8,1
598,24,3,10,8,62,246,1
99,42,5,9,3,23,277,1
354,4,3,5,4,66,237,0
359,3,0,10,8,82,202,1
468,34,4,6,0,76,246,0
272,49,1,2,3,16,234,0
360,23,3,2,6,30,80,0
117,23,1,9,8,31,12,0
595,45,0,7,5,33,15,0
48,5,4,4,7,19,44,0
168,31,0,3,8,50,138,0
592,41,5,6,3,5,147,1
321,6,1,6,0,64,235,0
250,37,6,8,7,96,190,1
454,10,4,8,1,61,100,0
307,40,5,4,0,7,104,0
45,7,4,7,6,22,249,1
93,39,5,9,8,56,93,1
461,38,0,0,8,64,219,0
394,21,3,8,2,38,297,0
181,20,1,7,5,100,132,0
385,3,2,5,6,97,154,0
371,22,2,2,8,93,27,0
568,47,0,2,1,64,281,0
150,4,1,7,7,30,115,0
127,28,1,4,6,76,233,0
286,12,0,9,3,23,0,0
229,38,1,10,1,26,239,0
35,36,3,6,7,97,57,0
530,47,0,4,4,37,182,0
19,41,3,7,5,42,25,0
387,5,1,9,6,39,76,0
593,13,0,9,0,71,216,0
161,23,1,3,7,87,261,0
58,30,0,1,3,14,22,0
163,37,1,2,8,95,243,0
302,25,3,7,0,19,157,0
589,48,6,10,1,15,205,1
59,27,3,6,5,94,86,0
540,14,1,1,0,28,266,0
69,48,0,5,3,81,133,0
176,47,2,8,7,100,266,1
211,36,3,3,4,8,267,0
155,39,3,8,8,17,52,1
448,16,5,1,5,77,98,0
251,22,2,1,0,61,246,0
590,21,1,8,5,41,35,0
570,21,6,6,5,52,27,1
492,8,0,6,5,75,219,0
117,49,5,0,7,5,101,0
235,16,1,10,5,64,262,1
441,31,4,5,4,16,270,1
428,42,6,6,1,25,223,1
464,10,3,10,3,15,138,1
169,32,4,5,4,48,279,0
532,34,3,5,3,62,285,0
599,9,3,1,1,48,249,0
86,17,4,5,6,82,77,0
518,11,6,3,1,38,296,0
450,32,4,8,0,29,12,0
263,10,1,0,4,8,81,0
329,22,5,7,0,68,8,0
272,17,5,4,0,94,212,0
563,4,4,0,0,20,47,0
383,48,1,3,5,14,48,0
176,47,5,0,8,70,39,0
468,25,1,5,0,39,279,0
289,21,1,1,4,87,225,0
311,37,3,4,8,10,107,0
540,38,5,6,8,23,244,1
589,49,5,1,0,63,254,0
227,1,3,5,7,57,32,0
111,25,4,5,0,12,22,0
563,36,3,4,7,82,53,0
297,17,5,4,0,14,48,0
176,41,5,2,4,71,77,0
45,24,6,9,7,42,121,1
362,2,4,9,5,33,89,1
82,40,3,10,8,19,192,1
362,15,0,1,0,91,243,0
79,32,0,6,8,27,148,0
434,39,4,0,0,86,145,0
570,6,3,5,2,50,140,0
526,1,3,5,0,87,285,0
437,47,1,2,2,32,110,0
548,23,5,1,1,30,107,0
169,39,2,1,1,14,280,0
158,17,6,8,8,51,49,1
239,34,4,10,7,8,13,1
571,41,2,4,0,59,133,0
76,29,2,6,3,70,75,0
390,9,4,4,0,71,83,0
67,13,3,6,0,11,157,0
268,6,4,3,3,59,285,0
351,6,2,7,1,84,93,0
139,20,5,10,2,35,296,1
181,3,6,9,8,78,93,1
218,17,6,10,1,23,56,1
363,49,5,9,3,32,163,1
480,12,5,6,0,85,97,0
125,48,3,9,1,32,15,0
273,47,0,4,4,23,77,0
451,45,4,10,0,91,71,1
557,1,6,5,6,24,269,1
462,17,5,4,3,17,286,1
486,3,4,6,5,81,65,1
296,26,6,1,7,47,67,0
312,15,5,4,5,15,192,1
320,36,6,9,1,52,54,1
217,32,3,2,0,19,167,0
455,32,0,8,7,21,24,0
64,4,0,5,7,58,130,0
21,18,5,9,8,54,101,1
409,49,6,2,5,32,281,1
524,19,3,6,0,87,295,0
551,43,1,3,8,8,293,0
246,35,4,2,2,26,262,0
288,40,4,7,5,90,119,1
357,14,2,3,8,43,230,0
113,33,3,10,2,38,290,1
526,14,6,0,4,48,160,0
257,34,2,5,4,46,160,0
373,4,5,9,6,44,77,1
330,24,6,10,3,16,37,1
295,29,2,10,3,6,27,0
158,19,0,0,6,32,99,0
93,6,4,4,8,78,293,1
415,33,6,6,3,90,123,1
465,49,2,5,3,85,91,0
170,40,0,1,5,94,254,0
469,19,3,10,5,71,96,1
559,1,2,3,6,75,5,0
509,5,5,10,0,76,168,1
518,27,5,1,2,88,270,0
490,16,5,10,8,80,107,1
123,6,6,0,5,85,298,0
587,40,4,2,5,96,46,0
370,13,2,2,4,14,98,0
350,48,3,6,2,90,13,0
458,35,2,0,4,61,193,0
189,19,4,8,0,90,156,0
416,12,0,10,2,41,153,0
205,16,4,5,3,81,114,0
475,43,5,3,4,95,257,0
320,10,6,2,8,68,144,1
271,25,0,2,3,83,290,0
428,20,6,1,2,90,9,0
415,31,5,1,0,98,213,0
152,4,1,9,5,44,232,0
351,44,4,4,6,64,170,0
325,23,4,8,7,52,20,1
110,2,3,1,0,23,14,0
253,22,2,1,3,76,125,0
499,37,0,5,4,37,212,0
21,8,6,9,1,48,187,1
248,7,0,1,0,96,171,0
570,14,3,3,7,41,246,0
51,3,3,5,5,93,4,0
438,16,6,4,4,40,230,1
167,19,2,0,8,85,200,0
225,18,6,5,1,92,148,0
471,16,6,0,7,25,71,0
143,8,5,2,8,6,225,1
76,33,2,9,0,35,73,0
16,49,4,4,6,34,168,0
535,12,5,9,7,80,248,1
82,11,1,4,2,48,279,0
408,5,2,9,3,16,151,1
414,27,3,5,2,55,223,0
587,12,5,9,6,53,224,1
139,17,2,7,8,28,37,0
475,6,0,4,2,28,43,0
215,33,6,10,5,64,184,1
275,5,1,0,7,15,240,0
546,28,4,4,5,17,209,1
262,14,6,2,1,95,22,0
298,5,0,3,6,76,123,0
173,33,0,7,1,78,85,0
104,48,1,6,1,76,42,0
119,41,4,10,1,68,39,0
345,19,3,4,0,24,168,0
247,22,5,1,0,76,174,0
390,5,4,5,6,77,19,0
445,2,2,10,4,75,108,1
492,30,0,5,2,82,192,0
34,47,2,9,0,32,243,0
126,39,3,9,5,6,279,1
491,4,2,10,0,47,227,0
401,33,4,5,8,12,35,1
546,13,2,8,1,17,44,0
88,20,3,10,0,89,27,0
589,7,3,7,6,96,153,1
182,15,3,7,5,39,22,0
21,23,4,0,5,27,206,0
137,14,3,4,4,50,90,0
101,23,0,6,3,19,37,0
552,19,6,5,3,6,227,1
541,29,3,4,2,65,201,0
456,20,2,7,7,80,253,1
399,29,5,2,6,68,37,0
52,24,2,5,8,56,220,0
263,18,5,4,0,40,186,0
139,10,2,7,6,71,42,0
69,41,4,3,3,73,113,0
476,8,2,7,6,71,259,1
296,26,4,9,0,51,4,0
526,29,4,1,4,87,67,0
476,10,3,8,2,6,227,1
354,17,0,8,4,48,122,0
391,2,5,9,3,68,172,1
262,6,3,9,1,85,152,0
65,5,3,5,3,82,266,0
472,28,6,3,2,32,156,0
466,41,4,3,0,95,161,0
92,5,4,5,7,58,213,1
108,18,5,4,4,78,25,0
158,26,2,5,3,71,291,0
338,20,2,6,4,40,188,0
165,41,3,6,3,67,121,0
199,49,1,8,2,29,229,0
503,27,1,7,4,90,58,0
272,49,2,5,3,52,95,0
89,12,1,5,0,43,261,0
409,7,6,4,2,51,135,0
269,3,2,0,7,98,282,0
561,10,4,8,6,25,119,1
110,34,3,8,1,34,24,0
368,25,0,8,0,96,145,0
389,35,3,10,2,35,11,0
230,16,2,7,4,30,86,0
429,2,6,9,0,26,108,1
133,24,2,2,2,25,265,0
431,10,3,0,2,5,221,0
240,38,6,10,4,41,73,1
72,22,6,7,2,81,101,1
494,26,6,6,8,89,136,1
583,43,5,4,0,50,190,0
492,39,2,9,3,13,141,1
528,27,1,6,3,21,72,0
164,29,1,9,0,51,166,0
101,47,2,3,1,89,167,0
535,38,2,8,0,99,53,0
464,20,5,10,5,63,258,1
519,27,1,9,2,58,110,0
192,41,2,1,6,90,231,0
395,20,2,8,4,16,160,1
583,44,5,8,8,68,18,1
414,19,5,4,6,10,289,1
255,20,3,10,3,57,49,1
480,35,5,0,4,20,174,0
432,47,0,6,4,94,183,0
74,2,1,9,4,9,184,0
22,30,3,9,8,77,80,1
222,34,0,3,2,50,155,0
251,22,2,8,5,18,274,1
502,3,2,5,7,48,282,0
222,6,3,2,8,67,248,0
347,15,5,5,6,98,146,1
182,27,6,9,2,56,6,1
173,10,6,5,0,30,156,0
474,9,2,4,3,57,170,0
506,33,6,1,5,33,68,0
404,32,4,9,2,23,93,1
317,48,3,9,0,51,185,0
192,6,0,1,5,12,169,0
519,41,3,6,0,27,203,0
555,36,1,1,8,39,41,0
573,2,5,5,0,99,12,0
236,29,5,4,5,57,153,1
445,4,3,3,0,100,273,0
431,1,2,6,6,62,297,0
563,19,2,7,2,9,50,0
